{
  "hash": "2d0d13c9",
  "configHash": "6ef32262",
  "lockfileHash": "7f5a6af5",
  "browserHash": "59671703",
  "optimized": {
    "react": {
      "src": "../../node_modules/react/index.js",
      "file": "react.js",
      "fileHash": "9b5d304c",
      "needsInterop": true
    },
    "react-dom/client": {
      "src": "../../node_modules/react-dom/client.js",
      "file": "react-dom_client.js",
      "fileHash": "a286b02c",
      "needsInterop": true
    }
  },
  "chunks": {
    "chunk-TDVGPZLM": {
      "file": "chunk-TDVGPZLM.js"
    }
  }
}